"MAE","RMSE","MAPE_pct","R2","n","model","Silhouette","DB_Index"
40.4814627221424,77.1836922672179,7.09416738687609,0.992747202609872,14,"Forecasting (Prophet)",NA,NA
1770.45761627907,7451.12006671984,46.9480781326666,-0.0482375937709476,172,"Lifespan Regression (XGBoost)",NA,NA
NA,NA,NA,NA,NA,"Clustering (K-Means)",0.273,0.773
